Workbook

Sheet All 5
A1: Date | B1: Fraser | C1: Lorne | D1: Marije | E1: Max | F1: Patrick | H1: Average Loss | I1: =SUM(B7:F106)/(COUNT(B7:F106)-COUNTIF(B7:F106,0)) -> 26.319277
B2: =SUM(B7:B1006) -> 959 | C2: =SUM(C7:C1006) -> 735 | D2: =SUM(D7:D1006) -> 787 | E2: =SUM(E7:E1006) -> 836 | F2: =SUM(F7:F1006) -> 1052
B3: =IF(MIN($B$2:$F$2)=B2,"Leader",_xlfn.CONCAT("+",B2-MIN($B$2:$F$2))) -> +224 | C3: =IF(MIN($B$2:$F$2)=C2,"Leader",_xlfn.CONCAT("+",C2-MIN($B$2:$F$2))) -> Leader | D3: =IF(MIN($B$2:$F$2)=D2,"Leader",_xlfn.CONCAT("+",D2-MIN($B$2:$F$2))) -> +52 | E3: =IF(MIN($B$2:$F$2)=E2,"Leader",_xlfn.CONCAT("+",E2-MIN($B$2:$F$2))) -> +101 | F3: =IF(MIN($B$2:$F$2)=F2,"Leader",_xlfn.CONCAT("+",F2-MIN($B$2:$F$2))) -> +317
B5: =COUNTIF(B7:B1007,0) -> 9 | C5: =COUNTIF(C7:C1007,0) -> 9 | D5: =COUNTIF(D7:D1007,0) -> 12 | E5: =COUNTIF(E7:E1007,0) -> 10 | F5: =COUNTIF(F7:F1007,0) -> 4
A7: 44321 | B7: 0 | C7: 29 | D7: 48 | E7: 37 | F7: 37
A8: 44321 | B8: 61 | C8: 52 | D8: 21 | E8: 23 | F8: 0
A9: 44321 | B9: 54 | C9: 42 | D9: 0 | E9: 19 | F9: 57
A10: 44321 | B10: 54 | C10: 8 | D10: 0 | E10: 35 | F10: 10
A11: 44321 | B11: 57 | C11: 30 | D11: 25 | E11: 0 | F11: 77
A12: 44321 | B12: 29 | C12: 1 | D12: 23 | E12: 0 | F12: 10
A13: 44321 | B13: 5 | C13: 26 | D13: 0 | E13: 2 | F13: 27
A14: 44321 | B14: 0 | C14: 14 | D14: 22 | E14: 56 | F14: 36
A15: 44326 | B15: 45 | C15: 35 | D15: 26 | E15: 6 | F15: 0
A16: 44326 | B16: 12 | C16: 9 | D16: 0 | E16: 3 | F16: 22
A17: 44326 | B17: 0 | C17: 6 | D17: 5 | E17: 36 | F17: 9
A18: 44326 | B18: 7 | C18: 10 | D18: 11 | E18: 0 | F18: 28
... A48: 44569 | B48: 14 | C48: 9 | D48: 0 | E48: 34 | F48: 43

Sheet With Fife
A1: Date | B1: Fraser | C1: Lorne | D1: Marije | E1: Max | F1: Patrick | G1: Daisy | I1: Average Loss | J1: =SUM(B7:F106)/(COUNT(B7:F106)-COUNTIF(B7:F106,0)) -> 24.509804
B2: =SUM(B7:B1006) -> 203 | C2: =SUM(C7:C1006) -> 308 | D2: =SUM(D7:D1006) -> 227 | E2: =SUM(E7:E1006) -> 297 | F2: =SUM(F7:F1006) -> 215 | G2: =SUM(G7:G1006) -> 165
B3: =IF(MIN($B$2:$G$2)=B2,"Leader",_xlfn.CONCAT("+",B2-MIN($B$2:$G$2))) -> +38 | C3: =IF(MIN($B$2:$G$2)=C2,"Leader",_xlfn.CONCAT("+",C2-MIN($B$2:$G$2))) -> +143 | D3: =IF(MIN($B$2:$G$2)=D2,"Leader",_xlfn.CONCAT("+",D2-MIN($B$2:$G$2))) -> +62 | E3: =IF(MIN($B$2:$G$2)=E2,"Leader",_xlfn.CONCAT("+",E2-MIN($B$2:$G$2))) -> +132 | F3: =IF(MIN($B$2:$G$2)=F2,"Leader",_xlfn.CONCAT("+",F2-MIN($B$2:$G$2))) -> +50 | G3: =IF(MIN($B$2:$G$2)=G2,"Leader",_xlfn.CONCAT("+",G2-MIN($B$2:$G$2))) -> Leader
B5: =COUNTIF(B7:B1007,0) -> 2 | C5: =COUNTIF(C7:C1007,0) -> 2 | D5: =COUNTIF(D7:D1007,0) -> 4 | E5: =COUNTIF(E7:E1007,0) -> 0 | F5: =COUNTIF(F7:F1007,0) -> 1 | G5: =COUNTIF(G7:G1007,0) -> 3
A7: 44540 | B7: 14 | C7: 2 | D7: 0 | E7: 34 | F7: 4 | G7: 6
A8: 44540 | B8: 31 | C8: 25 | D8: 0 | E8: 44 | F8: 2 | G8: 2
A9: 44540 | B9: 0 | C9: 21 | D9: 1 | E9: 36 | F9: 1 | G9: 9
A10: 44540 | B10: 5 | C10: 0 | D10: 1 | E10: 2 | F10: 7 | G10: 28
A11: 44540 | B11: 2 | C11: 1 | D11: 0 | E11: 3 | F11: 41 | G11: 5
A12: 44548 | B12: 0 | C12: 58 | D12: 83 | E12: 30 | F12: 73 | G12: 67
A13: 44548 | B13: 35 | C13: 2 | D13: 23 | E13: 3 | F13: 9 | G13: 0
A14: 44548 | B14: 13 | C14: 0 | D14: 22 | E14: 34 | F14: 4 | G14: 8
A15: 44548 | B15: 53 | C15: 10 | D15: 46 | E15: 29 | F15: 0 | G15: 23
A16: 44569 | B16: 13 | C16: 64 | D16: 34 | E16: 17 | F16: 25 | G16: 0
A17: 44569 | B17: 12 | C17: 42 | D17: 17 | E17: 6 | F17: 3 | G17: 0
A18: 44569 | B18: 25 | C18: 83 | D18: 0 | E18: 59 | F18: 46 | G18: 17

Sheet GHS
A1: Date | B1: Fraser | C1: Lorne | D1: Max | E1: Marije | G1: Average Loss | H1: =SUM(B7:E106)/(COUNT(B7:E106)-COUNTIF(B7:E106,0)) -> 23.902098
B2: =SUM(B7:B1006) -> 858 | C2: =SUM(C7:C1006) -> 777 | D2: =SUM(D7:D1006) -> 945 | E2: =SUM(E7:E1006) -> 838
B3: =IF(MIN($B$2:$E$2)=B2,"Leader",_xlfn.CONCAT("+",B2-MIN($B$2:$E$2))) -> +81 | C3: =IF(MIN($B$2:$E$2)=C2,"Leader",_xlfn.CONCAT("+",C2-MIN($B$2:$E$2))) -> Leader | D3: =IF(MIN($B$2:$E$2)=D2,"Leader",_xlfn.CONCAT("+",D2-MIN($B$2:$E$2))) -> +168 | E3: =IF(MIN($B$2:$E$2)=E2,"Leader",_xlfn.CONCAT("+",E2-MIN($B$2:$E$2))) -> +61
A5: =TODAY() -> 44617 | B5: =SUMIF($A$7:$A$1007,$A$5,B7:B1007) -> 0 | C5: =SUMIF($A$7:$A$1007,$A$5,C7:C1007) -> 0 | D5: =SUMIF($A$7:$A$1007,$A$5,D7:D1007) -> 0 | E5: =SUMIF($A$7:$A$1007,$A$5,E7:E1007) -> 0
A7: 44498 | B7: 43 | C7: 0 | D7: 19 | E7: 6
A8: 44498 | B8: 31 | C8: 43 | D8: 0 | E8: 33
A9: 44498 | B9: 31 | C9: 0 | D9: 4 | E9: 41
A10: 44498 | B10: 28 | C10: 17 | D10: 33 | E10: 0
A11: 44498 | B11: 0 | C11: 9 | D11: 29 | E11: 30
A12: 44498 | B12: 0 | C12: 30 | D12: 9 | E12: 68
A13: 44498 | B13: 0 | C13: 28 | D13: 6 | E13: 4
A14: 44498 | B14: 22 | C14: 0 | D14: 12 | E14: 80
A15: 44498 | B15: 0 | C15: 3 | D15: 0 | E15: 25
A16: 44498 | B16: 44 | C16: 0 | D16: 2 | E16: 21
A17: 44519 | B17: 0 | C17: 37 | D17: 6 | E17: 22
A18: 44519 | B18: 29 | C18: 24 | D18: 0 | E18: 13
... A56: 44610 | B56: 23 | C56: 0 | D56: 11 | E56: 2

Sheet Brexit Brigade
A1: Date | B1: Fraser | C1: Lorne | D1: Max | E1: Patrick | G1: Average Loss | H1: =SUM(B5:E104)/(COUNT(B5:E104)-COUNTIF(B5:E104,0)) -> 22.840909
B2: =SUM(B5:B1004) -> 261 | C2: =SUM(C5:C1004) -> 276 | D2: =SUM(D5:D1004) -> 244 | E2: =SUM(E5:E1004) -> 224
B3: =IF(MIN($B$2:$E$2)=B2,"Leader",_xlfn.CONCAT("+",B2-MIN($B$2:$E$2))) -> +37 | C3: =IF(MIN($B$2:$E$2)=C2,"Leader",_xlfn.CONCAT("+",C2-MIN($B$2:$E$2))) -> +52 | D3: =IF(MIN($B$2:$E$2)=D2,"Leader",_xlfn.CONCAT("+",D2-MIN($B$2:$E$2))) -> +20 | E3: =IF(MIN($B$2:$E$2)=E2,"Leader",_xlfn.CONCAT("+",E2-MIN($B$2:$E$2))) -> Leader
A5: 44483 | B5: 49 | C5: 22 | D5: 31 | E5: 0
A6: 44483 | B6: 20 | C6: 6 | D6: 7 | E6: 0
A7: 44483 | B7: 25 | C7: 7 | D7: 2 | E7: 0
A8: 44483 | B8: 4 | C8: 44 | D8: 0 | E8: 32
A9: 44483 | B9: 5 | C9: 1 | D9: 0 | E9: 36
A10: 44483 | B10: 28 | C10: 0 | D10: 0 | E10: 5
A11: 44483 | B11: 0 | C11: 4 | D11: 23 | E11: 12
A12: 44483 | B12: 2 | C12: 29 | D12: 34 | E12: 0
A13: 44483 | B13: 0 | C13: 40 | D13: 2 | E13: 1
A14: 44483 | B14: 16 | C14: 3 | D14: 29 | E14: 0
A15: 44512 | B15: 0 | C15: 46 | D15: 9 | E15: 26
A16: 44512 | B16: 12 | C16: 0 | D16: 32 | E16: 14
... A19: 44512 | B19: 33 | C19: 0 | D19: 75 | E19: 47

Sheet GU
A1: Date | B1: Fraser | C1: Lorne | D1: Marije | E1: Patrick | G1: Average Loss | H1: =SUM(B5:E104)/(COUNT(B5:E104)-COUNTIF(B5:E104,0)) -> 21.291667
B2: =SUM(B5:B1004) -> 112 | C2: =SUM(C5:C1004) -> 178 | D2: =SUM(D5:D1004) -> 104 | E2: =SUM(E5:E1004) -> 117
B3: =IF(MIN($B$2:$E$2)=B2,"Leader",_xlfn.CONCAT("+",B2-MIN($B$2:$E$2))) -> +8 | C3: =IF(MIN($B$2:$E$2)=C2,"Leader",_xlfn.CONCAT("+",C2-MIN($B$2:$E$2))) -> +74 | D3: =IF(MIN($B$2:$E$2)=D2,"Leader",_xlfn.CONCAT("+",D2-MIN($B$2:$E$2))) -> Leader | E3: =IF(MIN($B$2:$E$2)=E2,"Leader",_xlfn.CONCAT("+",E2-MIN($B$2:$E$2))) -> +13
A5: 44337 | B5: 0 | C5: 52 | D5: 7 | E5: 4
A6: 44337 | B6: 14 | C6: 12 | D6: 0 | E6: 23
A7: 44337 | B7: 10 | C7: 0 | D7: 1 | E7: 26
A8: 44337 | B8: 15 | C8: 0 | D8: 26 | E8: 39
A9: 44337 | B9: 47 | C9: 0 | D9: 34 | E9: 7
A10: 44337 | B10: 0 | C10: 50 | D10: 19 | E10: 10
A11: 44337 | B11: 26 | C11: 0 | D11: 3 | E11: 1
A12: 44337 | B12: 0 | C12: 64 | D12: 14 | E12: 7

Sheet GHS ∩ GU
A1: Date | B1: Fraser | C1: Lorne | D1: Marije
B2: =SUM(B5:B1004) -> 339 | C2: =SUM(C5:C1004) -> 714 | D2: =SUM(D5:D1004) -> 336
B3: =IF(MIN($B$2:$D$2)=B2,"Leader",_xlfn.CONCAT("+",B2-MIN($B$2:$D$2))) -> +3 | C3: =IF(MIN($B$2:$D$2)=C2,"Leader",_xlfn.CONCAT("+",C2-MIN($B$2:$D$2))) -> +378 | D3: =IF(MIN($B$2:$D$2)=D2,"Leader",_xlfn.CONCAT("+",D2-MIN($B$2:$D$2))) -> Leader
A5: 44330 | B5: 0 | C5: 30 | D5: 54
A6: 44330 | B6: 0 | C6: 34 | D6: 0
A7: 44330 | B7: 44 | C7: 48 | D7: 0
A8: 44330 | B8: 0 | C8: 21 | D8: 1
A9: 44330 | B9: 1 | C9: 21 | D9: 0
A10: 44330 | B10: 1 | C10: 43 | D10: 0
A11: 44330 | B11: 0 | C11: 25 | D11: 29
A12: 44330 | B12: 0 | C12: 35 | D12: 15
A13: 44330 | B13: 22 | C13: 19 | D13: 0
A14: 44330 | B14: 7 | C14: 38 | D14: 0
A15: 44330 | B15: 29 | C15: 29 | D15: 0
A16: 44330 | B16: 20 | C16: 30 | D16: 0
... A29: 44331 | B29: 2 | C29: 31 | D29: 0

Sheet McLads
A1: Date | B1: Fraser | C1: Lorne | D1: Max
B2: =SUM(B5:B1004) -> 197 | C2: =SUM(C5:C1004) -> 92 | D2: =SUM(D5:D1004) -> 118
B3: =IF(MIN($B$2:$D$2)=B2,"Leader",_xlfn.CONCAT("+",B2-MIN($B$2:$D$2))) -> +105 | C3: =IF(MIN($B$2:$D$2)=C2,"Leader",_xlfn.CONCAT("+",C2-MIN($B$2:$D$2))) -> Leader | D3: =IF(MIN($B$2:$D$2)=D2,"Leader",_xlfn.CONCAT("+",D2-MIN($B$2:$D$2))) -> +26
A5: 44483 | B5: 21 | C5: 0 | D5: 22
A6: 44483 | B6: 79 | C6: 49 | D6: 0
A7: 44483 | B7: 95 | C7: 0 | D7: 60
A8: 44483 | B8: 2 | C8: 0 | D8: 21
A9: 44483 | B9: 0 | C9: 20 | D9: 4
A10: 44483 | B10: 0 | C10: 23 | D10: 11

Sheet Happy Families 
A1: Date | B1: Fraser | C1: Marije | D1: Max
B2: =SUM(B5:B1004) -> 333 | C2: =SUM(C5:C1004) -> 124 | D2: =SUM(D5:D1004) -> 174
B3: =IF(MIN($B$2:$D$2)=B2,"Leader",_xlfn.CONCAT("+",B2-MIN($B$2:$D$2))) -> +209 | C3: =IF(MIN($B$2:$D$2)=C2,"Leader",_xlfn.CONCAT("+",C2-MIN($B$2:$D$2))) -> Leader | D3: =IF(MIN($B$2:$D$2)=D2,"Leader",_xlfn.CONCAT("+",D2-MIN($B$2:$D$2))) -> +50
A5: 44422 | B5: 0 | C5: 4 | D5: 30
A6: 44422 | B6: 23 | C6: 0 | D6: 23
A7: 44422 | B7: 32 | C7: 0 | D7: 1
A8: 44422 | B8: 71 | C8: 28 | D8: 0
A9: 44422 | B9: 1 | C9: 0 | D9: 22
A10: 44422 | B10: 58 | C10: 0 | D10: 20
A11: 44422 | B11: 53 | C11: 40 | D11: 0
A12: 44422 | B12: 74 | C12: 0 | D12: 7
A13: 44422 | B13: 0 | C13: 52 | D13: 54
A14: 44422 | B14: 21 | C14: 0 | D14: 17

Sheet England Swap
A1: Date | B1: Fraser | C1: Lorne | D1: Marije | E1: Max | F1: Millie | H1: Average Loss | I1: =SUM(B5:F104)/(COUNT(B5:F104)-COUNTIF(B5:F104,0)) -> 24.425
B2: =SUM(B5:B1004) -> 190 | C2: =SUM(C5:C1004) -> 210 | D2: =SUM(D5:D1004) -> 150 | E2: =SUM(E5:E1004) -> 188 | F2: =SUM(F5:F1004) -> 239
B3: =IF(MIN($B$2:$F$2)=B2,"Leader",_xlfn.CONCAT("+",B2-MIN($B$2:$F$2))) -> +40 | C3: =IF(MIN($B$2:$F$2)=C2,"Leader",_xlfn.CONCAT("+",C2-MIN($B$2:$F$2))) -> +60 | D3: =IF(MIN($B$2:$F$2)=D2,"Leader",_xlfn.CONCAT("+",D2-MIN($B$2:$F$2))) -> Leader | E3: =IF(MIN($B$2:$F$2)=E2,"Leader",_xlfn.CONCAT("+",E2-MIN($B$2:$F$2))) -> +38 | F3: =IF(MIN($B$2:$F$2)=F2,"Leader",_xlfn.CONCAT("+",F2-MIN($B$2:$F$2))) -> +89
A5: 44460 | B5: 0 | C5: 25 | D5: 31 | E5: 38 | F5: 48
A6: 44460 | B6: 58 | C6: 21 | D6: 25 | E6: 0 | F6: 4
A7: 44460 | B7: 4 | C7: 28 | D7: 0 | E7: 29 | F7: 63
A8: 44460 | B8: 11 | C8: 0 | D8: 5 | E8: 59 | F8: 7
A9: 44460 | B9: 7 | C9: 29 | D9: 6 | E9: 0 | F9: 26
A10: 44460 | B10: 19 | C10: 18 | D10: 27 | E10: 0 | F10: 14
A11: 44460 | B11: 9 | C11: 65 | D11: 0 | E11: 28 | F11: 17
A12: 44460 | B12: 33 | C12: 1 | D12: 0 | E12: 3 | F12: 33
A13: 44460 | B13: 0 | C13: 6 | D13: 53 | E13: 31 | F13: 23
A14: 44460 | B14: 49 | C14: 17 | D14: 3 | E14: 0 | F14: 4

Sheet Day by Day
A1: Date | B1: Fraser | C1: Lorne | D1: Marije | E1: Max | F1: Patrick
A2: {=IFERROR(IF(INDEX('All 5'!$A$7:$A$1006,MATCH(0,COUNTIF($A$1:A1,'All 5'!$A$7:$A$1006),0))=0,"",INDEX('All 5'!$A$7:$A$1006,MATCH(0,COUNTIF($A$1:A1,'All 5'!$A$7:$A$1006),0))),"")} -> 44321 | B2: =IF($A2="","",SUMIF('All 5'!$A$7:$A$1006,$A2,'All 5'!B$7:B$1006)) -> 260 | C2: =IF($A2="","",SUMIF('All 5'!$A$7:$A$1006,$A2,'All 5'!C$7:C$1006)) -> 202 | D2: =IF($A2="","",SUMIF('All 5'!$A$7:$A$1006,$A2,'All 5'!D$7:D$1006)) -> 139 | E2: =IF($A2="","",SUMIF('All 5'!$A$7:$A$1006,$A2,'All 5'!E$7:E$1006)) -> 172 | F2: =IF($A2="","",SUMIF('All 5'!$A$7:$A$1006,$A2,'All 5'!F$7:F$1006)) -> 254
A3: {=IFERROR(IF(INDEX('All 5'!$A$7:$A$1006,MATCH(0,COUNTIF($A$1:A2,'All 5'!$A$7:$A$1006),0))=0,"",INDEX('All 5'!$A$7:$A$1006,MATCH(0,COUNTIF($A$1:A2,'All 5'!$A$7:$A$1006),0))),"")} -> 44326 | B3: =IF($A3="","",SUMIF('All 5'!$A$7:$A$1006,$A3,'All 5'!B$7:B$1006)) -> 69 | C3: =IF($A3="","",SUMIF('All 5'!$A$7:$A$1006,$A3,'All 5'!C$7:C$1006)) -> 79 | D3: =IF($A3="","",SUMIF('All 5'!$A$7:$A$1006,$A3,'All 5'!D$7:D$1006)) -> 42 | E3: =IF($A3="","",SUMIF('All 5'!$A$7:$A$1006,$A3,'All 5'!E$7:E$1006)) -> 48 | F3: =IF($A3="","",SUMIF('All 5'!$A$7:$A$1006,$A3,'All 5'!F$7:F$1006)) -> 124
A4: {=IFERROR(IF(INDEX('All 5'!$A$7:$A$1006,MATCH(0,COUNTIF($A$1:A3,'All 5'!$A$7:$A$1006),0))=0,"",INDEX('All 5'!$A$7:$A$1006,MATCH(0,COUNTIF($A$1:A3,'All 5'!$A$7:$A$1006),0))),"")} -> 44335 | B4: =IF($A4="","",SUMIF('All 5'!$A$7:$A$1006,$A4,'All 5'!B$7:B$1006)) -> 22 | C4: =IF($A4="","",SUMIF('All 5'!$A$7:$A$1006,$A4,'All 5'!C$7:C$1006)) -> 77 | D4: =IF($A4="","",SUMIF('All 5'!$A$7:$A$1006,$A4,'All 5'!D$7:D$1006)) -> 120 | E4: =IF($A4="","",SUMIF('All 5'!$A$7:$A$1006,$A4,'All 5'!E$7:E$1006)) -> 168 | F4: =IF($A4="","",SUMIF('All 5'!$A$7:$A$1006,$A4,'All 5'!F$7:F$1006)) -> 195
A5: {=IFERROR(IF(INDEX('All 5'!$A$7:$A$1006,MATCH(0,COUNTIF($A$1:A4,'All 5'!$A$7:$A$1006),0))=0,"",INDEX('All 5'!$A$7:$A$1006,MATCH(0,COUNTIF($A$1:A4,'All 5'!$A$7:$A$1006),0))),"")} -> 44435 | B5: =IF($A5="","",SUMIF('All 5'!$A$7:$A$1006,$A5,'All 5'!B$7:B$1006)) -> 116 | C5: =IF($A5="","",SUMIF('All 5'!$A$7:$A$1006,$A5,'All 5'!C$7:C$1006)) -> 52 | D5: =IF($A5="","",SUMIF('All 5'!$A$7:$A$1006,$A5,'All 5'!D$7:D$1006)) -> 26 | E5: =IF($A5="","",SUMIF('All 5'!$A$7:$A$1006,$A5,'All 5'!E$7:E$1006)) -> 69 | F5: =IF($A5="","",SUMIF('All 5'!$A$7:$A$1006,$A5,'All 5'!F$7:F$1006)) -> 69
A6: {=IFERROR(IF(INDEX('All 5'!$A$7:$A$1006,MATCH(0,COUNTIF($A$1:A5,'All 5'!$A$7:$A$1006),0))=0,"",INDEX('All 5'!$A$7:$A$1006,MATCH(0,COUNTIF($A$1:A5,'All 5'!$A$7:$A$1006),0))),"")} -> 44448 | B6: =IF($A6="","",SUMIF('All 5'!$A$7:$A$1006,$A6,'All 5'!B$7:B$1006)) -> 126 | C6: =IF($A6="","",SUMIF('All 5'!$A$7:$A$1006,$A6,'All 5'!C$7:C$1006)) -> 54 | D6: =IF($A6="","",SUMIF('All 5'!$A$7:$A$1006,$A6,'All 5'!D$7:D$1006)) -> 102 | E6: =IF($A6="","",SUMIF('All 5'!$A$7:$A$1006,$A6,'All 5'!E$7:E$1006)) -> 132 | F6: =IF($A6="","",SUMIF('All 5'!$A$7:$A$1006,$A6,'All 5'!F$7:F$1006)) -> 117
A7: {=IFERROR(IF(INDEX('All 5'!$A$7:$A$1006,MATCH(0,COUNTIF($A$1:A6,'All 5'!$A$7:$A$1006),0))=0,"",INDEX('All 5'!$A$7:$A$1006,MATCH(0,COUNTIF($A$1:A6,'All 5'!$A$7:$A$1006),0))),"")} -> 44463 | B7: =IF($A7="","",SUMIF('All 5'!$A$7:$A$1006,$A7,'All 5'!B$7:B$1006)) -> 293 | C7: =IF($A7="","",SUMIF('All 5'!$A$7:$A$1006,$A7,'All 5'!C$7:C$1006)) -> 181 | D7: =IF($A7="","",SUMIF('All 5'!$A$7:$A$1006,$A7,'All 5'!D$7:D$1006)) -> 262 | E7: =IF($A7="","",SUMIF('All 5'!$A$7:$A$1006,$A7,'All 5'!E$7:E$1006)) -> 180 | F7: =IF($A7="","",SUMIF('All 5'!$A$7:$A$1006,$A7,'All 5'!F$7:F$1006)) -> 246
A8: {=IFERROR(IF(INDEX('All 5'!$A$7:$A$1006,MATCH(0,COUNTIF($A$1:A7,'All 5'!$A$7:$A$1006),0))=0,"",INDEX('All 5'!$A$7:$A$1006,MATCH(0,COUNTIF($A$1:A7,'All 5'!$A$7:$A$1006),0))),"")} -> 44569 | B8: =IF($A8="","",SUMIF('All 5'!$A$7:$A$1006,$A8,'All 5'!B$7:B$1006)) -> 73 | C8: =IF($A8="","",SUMIF('All 5'!$A$7:$A$1006,$A8,'All 5'!C$7:C$1006)) -> 90 | D8: =IF($A8="","",SUMIF('All 5'!$A$7:$A$1006,$A8,'All 5'!D$7:D$1006)) -> 96 | E8: =IF($A8="","",SUMIF('All 5'!$A$7:$A$1006,$A8,'All 5'!E$7:E$1006)) -> 67 | F8: =IF($A8="","",SUMIF('All 5'!$A$7:$A$1006,$A8,'All 5'!F$7:F$1006)) -> 47
A9: {=IFERROR(IF(INDEX('All 5'!$A$7:$A$1006,MATCH(0,COUNTIF($A$1:A8,'All 5'!$A$7:$A$1006),0))=0,"",INDEX('All 5'!$A$7:$A$1006,MATCH(0,COUNTIF($A$1:A8,'All 5'!$A$7:$A$1006),0))),"")} | B9: =IF($A9="","",SUMIF('All 5'!$A$7:$A$1006,$A9,'All 5'!B$7:B$1006)) | C9: =IF($A9="","",SUMIF('All 5'!$A$7:$A$1006,$A9,'All 5'!C$7:C$1006)) | D9: =IF($A9="","",SUMIF('All 5'!$A$7:$A$1006,$A9,'All 5'!D$7:D$1006)) | E9: =IF($A9="","",SUMIF('All 5'!$A$7:$A$1006,$A9,'All 5'!E$7:E$1006)) | F9: =IF($A9="","",SUMIF('All 5'!$A$7:$A$1006,$A9,'All 5'!F$7:F$1006))
A10: {=IFERROR(IF(INDEX('All 5'!$A$7:$A$1006,MATCH(0,COUNTIF($A$1:A9,'All 5'!$A$7:$A$1006),0))=0,"",INDEX('All 5'!$A$7:$A$1006,MATCH(0,COUNTIF($A$1:A9,'All 5'!$A$7:$A$1006),0))),"")} | B10: =IF($A10="","",SUMIF('All 5'!$A$7:$A$1006,$A10,'All 5'!B$7:B$1006)) | C10: =IF($A10="","",SUMIF('All 5'!$A$7:$A$1006,$A10,'All 5'!C$7:C$1006)) | D10: =IF($A10="","",SUMIF('All 5'!$A$7:$A$1006,$A10,'All 5'!D$7:D$1006)) | E10: =IF($A10="","",SUMIF('All 5'!$A$7:$A$1006,$A10,'All 5'!E$7:E$1006)) | F10: =IF($A10="","",SUMIF('All 5'!$A$7:$A$1006,$A10,'All 5'!F$7:F$1006))
A11: {=IFERROR(IF(INDEX('All 5'!$A$7:$A$1006,MATCH(0,COUNTIF($A$1:A10,'All 5'!$A$7:$A$1006),0))=0,"",INDEX('All 5'!$A$7:$A$1006,MATCH(0,COUNTIF($A$1:A10,'All 5'!$A$7:$A$1006),0))),"")} | B11: =IF($A11="","",SUMIF('All 5'!$A$7:$A$1006,$A11,'All 5'!B$7:B$1006)) | C11: =IF($A11="","",SUMIF('All 5'!$A$7:$A$1006,$A11,'All 5'!C$7:C$1006)) | D11: =IF($A11="","",SUMIF('All 5'!$A$7:$A$1006,$A11,'All 5'!D$7:D$1006)) | E11: =IF($A11="","",SUMIF('All 5'!$A$7:$A$1006,$A11,'All 5'!E$7:E$1006)) | F11: =IF($A11="","",SUMIF('All 5'!$A$7:$A$1006,$A11,'All 5'!F$7:F$1006))
A12: {=IFERROR(IF(INDEX('All 5'!$A$7:$A$1006,MATCH(0,COUNTIF($A$1:A11,'All 5'!$A$7:$A$1006),0))=0,"",INDEX('All 5'!$A$7:$A$1006,MATCH(0,COUNTIF($A$1:A11,'All 5'!$A$7:$A$1006),0))),"")} | B12: =IF($A12="","",SUMIF('All 5'!$A$7:$A$1006,$A12,'All 5'!B$7:B$1006)) | C12: =IF($A12="","",SUMIF('All 5'!$A$7:$A$1006,$A12,'All 5'!C$7:C$1006)) | D12: =IF($A12="","",SUMIF('All 5'!$A$7:$A$1006,$A12,'All 5'!D$7:D$1006)) | E12: =IF($A12="","",SUMIF('All 5'!$A$7:$A$1006,$A12,'All 5'!E$7:E$1006)) | F12: =IF($A12="","",SUMIF('All 5'!$A$7:$A$1006,$A12,'All 5'!F$7:F$1006))
A13: {=IFERROR(IF(INDEX('All 5'!$A$7:$A$1006,MATCH(0,COUNTIF($A$1:A12,'All 5'!$A$7:$A$1006),0))=0,"",INDEX('All 5'!$A$7:$A$1006,MATCH(0,COUNTIF($A$1:A12,'All 5'!$A$7:$A$1006),0))),"")} | B13: =IF($A13="","",SUMIF('All 5'!$A$7:$A$1006,$A13,'All 5'!B$7:B$1006)) | C13: =IF($A13="","",SUMIF('All 5'!$A$7:$A$1006,$A13,'All 5'!C$7:C$1006)) | D13: =IF($A13="","",SUMIF('All 5'!$A$7:$A$1006,$A13,'All 5'!D$7:D$1006)) | E13: =IF($A13="","",SUMIF('All 5'!$A$7:$A$1006,$A13,'All 5'!E$7:E$1006)) | F13: =IF($A13="","",SUMIF('All 5'!$A$7:$A$1006,$A13,'All 5'!F$7:F$1006))
... A104: {=IFERROR(IF(INDEX('All 5'!$A$7:$A$1006,MATCH(0,COUNTIF($A$1:A103,'All 5'!$A$7:$A$1006),0))=0,"",INDEX('All 5'!$A$7:$A$1006,MATCH(0,COUNTIF($A$1:A103,'All 5'!$A$7:$A$1006),0))),"")} | B104: =IF($A104="","",SUMIF('All 5'!$A$7:$A$1006,$A104,'All 5'!B$7:B$1006)) | C104: =IF($A104="","",SUMIF('All 5'!$A$7:$A$1006,$A104,'All 5'!C$7:C$1006)) | D104: =IF($A104="","",SUMIF('All 5'!$A$7:$A$1006,$A104,'All 5'!D$7:D$1006)) | E104: =IF($A104="","",SUMIF('All 5'!$A$7:$A$1006,$A104,'All 5'!E$7:E$1006)) | F104: =IF($A104="","",SUMIF('All 5'!$A$7:$A$1006,$A104,'All 5'!F$7:F$1006))
